Topic,Count,Name,Representation,Representative_Docs
-1,205,-1_iphone air_app_camera_air,"['iphone air', 'app', 'camera', 'air', 'iphone', '18', 'iphone 18', 'new', 'pro', '9to5mac']","['gave iphone air admirable effort apple mark ellis mac oclock medium gave iphone air admirable effort apple mark ellis mac oclock medium', 'iphone air honeymoon period might already mark ellis mac oclock medium iphone air honeymoon period might already mark ellis mac oclock medium', 'apple iphone 18 pro apple iphone 18 pro max launch leaks reveal price battery design mashable india apple iphone 18 pro apple iphone 18 pro max launch leaks reveal price battery design mashable india']"
0,90,0_battery_iphone battery_battery life_life,"['battery', 'iphone battery', 'battery life', 'life', 'draining', 'ios', 'settings', 'iphones battery', 'drain', 'longer']","['iphone battery draining fast 8 iphone battery tips make last day cnet iphone battery draining fast 8 iphone battery tips make last day cnet', 'draining fast ios 26 update brings battery life woes iphone users analytics insight draining fast ios 26 update brings battery life woes iphone users analytics insight', 'apples ios 26 draining battery life iphones firstpost apples ios 26 draining battery life iphones firstpost']"
1,43,1_max review_review_17 review_17 pro,"['max review', 'review', '17 review', '17 pro', 'max', 'pro max', 'iphone 17', '17', 'phones', 'pro']","['apple iphone 17 pro max review tom guide apple iphone 17 pro max review tom guide', 'apple iphone 17 pro max review ign apple iphone 17 pro max review ign', 'apple iphone 17 pro max review ign southeast asia apple iphone 17 pro max review ign southeast asia']"
2,30,2_performance_a19_a19 pro_faster,"['performance', 'a19', 'a19 pro', 'faster', 'reveal', 'wccftech', '17e', 'iphone 17e', 'speed', 'pro']","['iphone 17e benchmarks reveal a19 chip performance tiny catch macrumors iphone 17e benchmarks reveal a19 chip performance tiny catch macrumors', 'iphone 17 pro leaked a19 pro benchmarks reveal incredible performance results far yahoo tech iphone 17 pro leaked a19 pro benchmarks reveal incredible performance results far yahoo tech', 'iphone 17 pro a19 pro benchmarks show surprising 13 performance jump iphone 16 pro outclass m4 macbook pro single core wccftech iphone 17 pro a19 pro benchmarks show surprising 13 performance jump iphone 16 pro outclass m4 macbook pro single core wccftech']"
3,24,3_phonearena_phonearena iphone_mobile_switching,"['phonearena', 'phonearena iphone', 'mobile', 'switching', 'xiaomi', 'verizon', 'problems', 'china', 'phonearena apple', 'smartphones']","['iphone 17 pro users report strange charging issue apple still hasnt addressed phonearena iphone 17 pro users report strange charging issue apple still hasnt addressed phonearena', 'iphone 17 pro may problems mobile despite ios update fix cellular issues phonearena iphone 17 pro may problems mobile despite ios update fix cellular issues phonearena', 'iphone 17 cellular issues mobile verizon others phonearena iphone 17 cellular issues mobile verizon others phonearena']"
4,24,4_9to5mac ios_9to5mac_iphone 9to5mac_26,"['9to5mac ios', '9to5mac', 'iphone 9to5mac', '26', 'ios 26', '26 new', 'music', '9to5mac apple', 'ios', 'iphone features']","['ios 26 3 new features iphone 9to5mac ios 26 3 new features iphone 9to5mac', 'ios 26 4 new features iphone 9to5mac ios 26 4 new features iphone 9to5mac', 'ios 26 2 release date heres new iphone features coming 9to5mac ios 26 2 release date heres new iphone features coming 9to5mac']"
5,23,5_16e vs_16e_iphone 16e_vs iphone,"['16e vs', '16e', 'iphone 16e', 'vs iphone', 'vs', 'cnet iphone', 'iphone 16', '16', 'cnet', '16 pro']","['iphone 16e vs iphone 16 get 200 forbes iphone 16e vs iphone 16 get 200 forbes', 'iphone 16e vs iphone 15 real bargain techradar iphone 16e vs iphone 15 real bargain techradar', 'iphone 16e vs iphone 15 pro affordable alternatives iphone 16 cnet iphone 16e vs iphone 15 pro affordable alternatives iphone 16 cnet']"
6,22,6_stores_gate_17 pro_17,"['stores', 'gate', '17 pro', '17', 'iphone 17', 'creative', 'apple says', 'bloq', 'hit', 'creative bloq']","['iphone 17 iphone 17 pro iphone 17 pro max sale apple fans reportedly spot scratches despite high price video goes viral financial express iphone 17 iphone 17 pro iphone 17 pro max sale apple fans reportedly spot scratches despite high price video goes viral financial express', 'iphone 17 pro pro max models scratches bodies complain many users social media etv bharat iphone 17 pro pro max models scratches bodies complain many users social media etv bharat', 'scratchgate apple says scratches iphone 17 pros stores bgr com scratchgate apple says scratches iphone 17 pros stores bgr com']"
7,22,7_macrumors ios_macrumors_coming soon_soon,"['macrumors ios', 'macrumors', 'coming soon', 'soon', 'macworld ios', 'macworld', 'ios 26', '26', 'ios', 'coming']","['ios 26 2 1 update coming soon iphones macrumors ios 26 2 1 update coming soon iphones macrumors', 'ios 26 2 coming soon 8 new features iphone macrumors ios 26 2 coming soon 8 new features iphone macrumors', 'ios 26 0 2 update iphones coming soon macrumors ios 26 0 2 update iphones coming soon macrumors']"
8,21,8_update_rollout_26 rollout_ios 26,"['update', 'rollout', '26 rollout', 'ios 26', '26', 'ios', 'india ios', 'soon', '26 update', 'know']","['ios 26 1 update coming soon heres whats new iphones get mashable india ios 26 1 update coming soon heres whats new iphones get mashable india', 'ios 26 rollout iphone get apple latest os update times india ios 26 rollout iphone get apple latest os update times india', 'ios 26 2 rollout begin soon heres cant skip iphone update mashable india ios 26 2 rollout begin soon heres cant skip iphone update mashable india']"
9,21,9_tom guide_tom_guide_using iphone,"['tom guide', 'tom', 'guide', 'using iphone', 'using', 'pros', 'cons', 'pros cons', 'guide iphone', 'like tom']","['using iphone 15 pro max year plan upgrading iphone 17 pro max tom guide using iphone 15 pro max year plan upgrading iphone 17 pro max tom guide', 'using iphone 17 pro month like tom guide using iphone 17 pro month like tom guide', 'using iphone 17 month pros cons tom guide using iphone 17 month pros cons tom guide']"
10,21,10_talkingtechandaudio_talkingtechandaudio com_com iphone_16e,"['talkingtechandaudio', 'talkingtechandaudio com', 'com iphone', '16e', 'iphone 16e', 'com', 'hours', 'fix', 'time', 'editing']","['iphone 17 pro max whats point talkingtechandaudio com iphone 17 pro max whats point talkingtechandaudio com', 'iphone 16e living full time talkingtechandaudio com iphone 16e living full time talkingtechandaudio com', 'iphone 16e honest iphone defying norm talkingtechandaudio com iphone 16e honest iphone defying norm talkingtechandaudio com']"
11,20,11_orange_colors_turning_fans,"['orange', 'colors', 'turning', 'fans', 'boring', 'options', 'apple fans', 'macworld', 'world', 'want']","['iphone 17 pro final rumors hint bold orange blue colors better camera capabilities performance upgrades wccftech iphone 17 pro final rumors hint bold orange blue colors better camera capabilities performance upgrades wccftech', 'iphone 17 pro review orange glad youve gone pro six colors iphone 17 pro review orange glad youve gone pro six colors', 'apple fans freaking iphone 17 pro maxs cosmic orange colour turning pink experts reveal truth techlusive apple fans freaking iphone 17 pro maxs cosmic orange colour turning pink experts reveal truth techlusive']"
12,18,12_forbes apple_prices_iphone 16_16,"['forbes apple', 'prices', 'iphone 16', '16', 'forbes', '16 pro', 'price', 'apple iphone', 'cut', '16 iphone']","['apple iphone 16 pro iphone 16 pro max prices slashed major sale forbes apple iphone 16 pro iphone 16 pro max prices slashed major sale forbes', 'apple iphone 16 pro iphone 16 pro max prices cut amazon rare deals forbes apple iphone 16 pro iphone 16 pro max prices cut amazon rare deals forbes', 'apple iphone 16 iphone 16 pro iphone 15 prices cut new deals forbes apple iphone 16 iphone 16 pro iphone 15 prices cut new deals forbes']"
13,18,13_vs iphone_vs_pro vs_17 vs,"['vs iphone', 'vs', 'pro vs', '17 vs', '9to5mac iphone', 'compared', 'worth', 'iphone 16', '16 pro', '16']","['iphone 17 pro vs iphone 15 pro compared models worth upgrading zdnet iphone 17 pro vs iphone 15 pro compared models worth upgrading zdnet', 'iphone 17 pro vs iphone 15 pro worth going new two 9to5mac iphone 17 pro vs iphone 15 pro worth going new two 9to5mac', 'iphone 17 vs iphone 16 pro similar displays distinctly different packages 9to5mac iphone 17 vs iphone 16 pro similar displays distinctly different packages 9to5mac']"
14,18,14_iphone 15_15_phonearena_phonearena iphone,"['iphone 15', '15', 'phonearena', 'phonearena iphone', '15 pro', 'differences', 'techspot', 'pros cons', 'cons', 'vs']","['iphone 15 pro vs iphone 15 regular iphone experience sufficient phonearena iphone 15 pro vs iphone 15 regular iphone experience sufficient phonearena', 'iphone 17 pro max vs iphone 15 pro max major differences explained phonearena iphone 17 pro max vs iphone 15 pro max major differences explained phonearena', 'iphone 16 pro vs iphone 15 pro differences phonearena iphone 16 pro vs iphone 15 pro differences phonearena']"
15,18,15_26 update_news_recommends_update,"['26 update', 'news', 'recommends', 'update', 'ios 26', '26', 'security', 'ios', 'improvements', 'iphone ios']","['apple rolls background security improvements update ios 26 3 beta testers appleosophy apple rolls background security improvements update ios 26 3 beta testers appleosophy', 'apple releases ios 26 1 major security improvements new features iphone users fox news apple releases ios 26 1 major security improvements new features iphone users fox news', 'ios 26 2 yet apple recommends ios 26 update ai security palm beach post ios 26 2 yet apple recommends ios 26 update ai security palm beach post']"
16,18,16_cook_tim cook_tim_little,"['cook', 'tim cook', 'tim', 'little', 'problem', 'india', 'elon', 'hike', 'price hike', 'indian express']","['donald trump little problem tim cook big one apple business news hindustan times donald trump little problem tim cook big one apple business news hindustan times', 'trump want apple making iphones india little problem tim cook fox business trump want apple making iphones india little problem tim cook fox business', 'trump says little problem tim cook apples india production guardian trump says little problem tim cook apples india production guardian']"
17,17,17_mashable india_india_mashable_series,"['mashable india', 'india', 'mashable', 'series', '17 series', 'india apple', 'india iphone', 'reuters', 'launch', '2026']","['iphone 17 series leaks apple might store us september mashable india iphone 17 series leaks apple might store us september mashable india', 'apple set unveil iphone 17 series september expect mashable india apple set unveil iphone 17 series september expect mashable india', 'apple iphone 17 series debut next month expected costlier iphone 16 mashable india apple iphone 17 series debut next month expected costlier iphone 16 mashable india']"
18,16,18_air_lineup_17 air_air vs,"['air', 'lineup', '17 air', 'air vs', '17 lineup', 'port', 'yahoo finance', 'finance', 'iphone air', 'yahoo']","['iphone 17 air vs iphone 17 pro apple admits choice tough mashable india iphone 17 air vs iphone 17 pro apple admits choice tough mashable india', 'apple iphone air iphone 17 review apple strongest lineup years yahoo finance apple iphone air iphone 17 review apple strongest lineup years yahoo finance', 'iphone review superthin air vs iphone 17 lineup wsj iphone review superthin air vs iphone 17 lineup wsj']"
19,16,19_iphone fold_fold_camera_reveals,"['iphone fold', 'fold', 'camera', 'reveals', 'leak reveals', 'display', 'tipped', 'leak', '48mp cameras', 'cutout']","['apple iphone fold cad renders leak book style design dual cameras 7 8 inch display tipped ndtv profit apple iphone fold cad renders leak book style design dual cameras 7 8 inch display tipped ndtv profit', 'everything know iphone fold leaked details giant screen 48mp cameras shocking features international business times uk everything know iphone fold leaked details giant screen 48mp cameras shocking features international business times uk', 'apple iphone fold leak reveals 24mp hidden camera screen first time mashable india apple iphone fold leak reveals 24mp hidden camera screen first time mashable india']"
20,16,20_update_latest_update ios_latest ios,"['update', 'latest', 'update ios', 'latest ios', 'software fix', 'causing problems', 'billion iphones', 'update iphone', 'causing', 'issues']","['ios 26 2 1 update causing problems iphone users heres techlusive ios 26 2 1 update causing problems iphone users heres techlusive', 'update ios 26 2 1 causing serious problems including crashes freezes tom guide update ios 26 2 1 causing serious problems including crashes freezes tom guide', 'apple issues urgent software fix affecting 2 billion iphones techrepublic apple issues urgent software fix affecting 2 billion iphones techrepublic']"
21,16,21_warning_users forbes_iphone users_forbes ios,"['warning', 'users forbes', 'iphone users', 'forbes ios', 'forbes', 'users', 'ios 18', 'warning iphone', 'iphone warning', '18']","['ios 18 6 2update warning issued iphone users forbes ios 18 6 2update warning issued iphone users forbes', 'ios 18 4update warning issued iphone users forbes ios 18 4update warning issued iphone users forbes', 'ios 18 6update warning issued iphone users forbes ios 18 6update warning issued iphone users forbes']"
22,16,22_chamber_vapor_vapor chamber_17 pro,"['chamber', 'vapor', 'vapor chamber', '17 pro', 'heres know', 'heat', 'pro 9to5mac', 'new apple', 'massive', 'performance']","['heres know iphones vapor chamber cooling system computerworld heres know iphones vapor chamber cooling system computerworld', 'new apple video highlights vapor chamber liquid cooling iphone 17 pro 9to5mac new apple video highlights vapor chamber liquid cooling iphone 17 pro 9to5mac', 'iphone 17 pro max sustained performance tested vapor chamber cooling actually work tom guide iphone 17 pro max sustained performance tested vapor chamber cooling actually work tom guide']"
23,15,23_review_iphone 16e_16e_review year,"['review', 'iphone 16e', '16e', 'review year', 'later', 'months', 'great', 'review months', 'months later', 'appleinsider iphone']","['iphone 16 pro review one year later buy iphone 17 get 16 pro instead appleinsider iphone 16 pro review one year later buy iphone 17 get 16 pro instead appleinsider', 'iphone 16 review one year later still great phone years appleinsider iphone 16 review one year later still great phone years appleinsider', 'iphone 16e review three months later still great value compromises appleinsider iphone 16e review three months later still great value compromises appleinsider']"
24,15,24_island_images_dynamic_dynamic island,"['island', 'images', 'dynamic', 'dynamic island', 'look', 'shows', '17 air', 'smaller dynamic', 'image', 'new images']","['iphone 18 pro rumoured feature larger dynamic island display area technave iphone 18 pro rumoured feature larger dynamic island display area technave', 'last minute iphone 17 pro rumors hint smaller dynamic island 8x zoom bgr com last minute iphone 17 pro rumors hint smaller dynamic island 8x zoom bgr com', 'iphone 18 smaller dynamic island cameras go screen bgr com iphone 18 smaller dynamic island cameras go screen bgr com']"
25,15,25_big billion_flipkart_flipkart big_billion,"['big billion', 'flipkart', 'flipkart big', 'billion', 'billion days', 'sale', 'days', 'big', 'orders', '16 iphone']","['flipkart big billion days iphone 16 iphone 16 pro orders allegedly getting cancelled kalingatv flipkart big billion days iphone 16 iphone 16 pro orders allegedly getting cancelled kalingatv', 'iphone 16 iphone 16 pro orders cancelled flipkart big billion days sale buyers call scam moneycontrol com iphone 16 iphone 16 pro orders cancelled flipkart big billion days sale buyers call scam moneycontrol com', 'flipkart big billion days 2025 sale iphone 16 iphone 16 pro orders cancelled netizens call scam zee news flipkart big billion days 2025 sale iphone 16 iphone 16 pro orders cancelled netizens call scam zee news']"
26,14,26_pixel_10_pixel 10_10 pro,"['pixel', '10', 'pixel 10', '10 pro', 'galaxy', 'camera', 'pro vs', 'vs', 'android police', 'police']","['put pixel 10 vs iphone 16 10 round camera shoot one get tom guide put pixel 10 vs iphone 16 10 round camera shoot one get tom guide', 'used google pixel 10 pro xl iphone 17 pro max believe one prefer android police used google pixel 10 pro xl iphone 17 pro max believe one prefer android police', 'iphone 17 pro vs pixel 10 pro xl pitting phone camera royalty cnet iphone 17 pro vs pixel 10 pro xl pitting phone camera royalty cnet']"
27,14,27_camera_48mp_upgrades_camera features,"['camera', '48mp', 'upgrades', 'camera features', 'chip 48mp', 'camera upgrades', 'a19', 'camera battery', 'new camera', 'specs']","['iphone 17 vs iphone 16 camera battery screen size performance questions answered technology news hindustan times iphone 17 vs iphone 16 camera battery screen size performance questions answered technology news hindustan times', 'xiaomi 17 vs iphone 17 design performance camera battery price compared technology news hindustan times xiaomi 17 vs iphone 17 design performance camera battery price compared technology news hindustan times', 'apple launches iphone 17 series full specs ai features design a19 chip 48mp camera price india need know newsx apple launches iphone 17 series full specs ai features design a19 chip 48mp camera price india need know newsx']"
28,14,28_forbes ios_iphone update_forbes_release,"['forbes ios', 'iphone update', 'forbes', 'release', 'know apples', '26 release', 'release date', 'update', 'date', 'apples']","['ios 26 3 release date exactly next crucial iphone update arrive forbes ios 26 3 release date exactly next crucial iphone update arrive forbes', 'apple ios 26 3 release date first major iphone update 2026 almost forbes apple ios 26 3 release date first major iphone update 2026 almost forbes', 'ios 26 releasewhat know apples radical new iphone update forbes ios 26 releasewhat know apples radical new iphone update forbes']"
29,14,29_leak_leaker_design changes_sportskeeda,"['leak', 'leaker', 'design changes', 'sportskeeda', 'sportskeeda tech', 'leak suggests', 'bgr com', 'bgr', 'changes', 'leaks']","['leak suggests ios 26 3 makes porting iphone android effortless sportskeeda tech leak suggests ios 26 3 makes porting iphone android effortless sportskeeda tech', 'leak suggests apple testing background security improvement update ios 26 3 macos tahoe 26 3 sportskeeda tech leak suggests apple testing background security improvement update ios 26 3 macos tahoe 26 3 sportskeeda tech', 'iphone 17 pro case leak corroborates design changes dashes others bgr com iphone 17 pro case leak corroborates design changes dashes others bgr com']"
30,13,30_glass_liquid glass_liquid_glass design,"['glass', 'liquid glass', 'liquid', 'glass design', '26 beta', 'beta', 'update brings', 'download', 'brings', 'techcrunch']","['whatsapps new iphone update brings liquid glass design also strange mute bug techlusive whatsapps new iphone update brings liquid glass design also strange mute bug techlusive', 'apple releases ios 26 2 beta 2 liquid glass design measure improvements apps smartprix com apple releases ios 26 2 beta 2 liquid glass design measure improvements apps smartprix com', 'ios 26 download update iphone liquid glass mashable ios 26 download update iphone liquid glass mashable']"
31,13,31_business times_international business_times uk_international,"['business times', 'international business', 'times uk', 'international', 'times', 'uk', 'battery', 'business', 'half', 'tipped feature']","['first ugly design iphone 17 faces battery backlash ios 26 drains devices within hours international business times uk first ugly design iphone 17 faces battery backlash ios 26 drains devices within hours international business times uk', 'iphone 17 air alleged ultra thin redesign groundbreaking battery tech revealed international business times uk iphone 17 air alleged ultra thin redesign groundbreaking battery tech revealed international business times uk', 'bigger better stronger iphone 17 pro max tipped feature apple powerful battery yet international business times uk bigger better stronger iphone 17 pro max tipped feature apple powerful battery yet international business times uk']"
32,12,32_9to5mac iphone_9to5mac_month_features coming,"['9to5mac iphone', '9to5mac', 'month', 'features coming', 'coming', '9to5mac months', 'trouble', 'upgrading iphone', 'pro im', 'max 9to5mac']","['iphone 17 coming soon three long awaited features 9to5mac iphone 17 coming soon three long awaited features 9to5mac', 'iphone 17 air seven new features coming next month 9to5mac iphone 17 air seven new features coming next month 9to5mac', 'iphone 17 pro seven new features coming next month 9to5mac iphone 17 pro seven new features coming next month 9to5mac']"
33,12,33_macrumors_macrumors iphone_features macrumors_features,"['macrumors', 'macrumors iphone', 'features macrumors', 'features', 'advice', 'new features', '12', 'launching', 'macrumors apple', 'buy']","['iphone 17 pro coming soon 12 new features macrumors iphone 17 pro coming soon 12 new features macrumors', 'iphone 17 pro launching next month 12 new features macrumors iphone 17 pro launching next month 12 new features macrumors', 'iphone 17 pro launching three months 12 new features macrumors iphone 17 pro launching three months 12 new features macrumors']"
34,12,34_anker_charging_anker iphone_explained,"['anker', 'charging', 'anker iphone', 'explained', 'qi2', 'charge', 'working', 'fast', 'need know', 'battery life']","['iphone wireless charging working causes fixes anker iphone wireless charging working causes fixes anker', 'iphone 17 battery life explained performance charging care tips anker iphone 17 battery life explained performance charging care tips anker', 'iphone 15 qi qi2 enabled wireless charging explained anker iphone 15 qi qi2 enabled wireless charging explained anker']"
35,11,35_business insider_insider_iphone feature_insider iphone,"['business insider', 'insider', 'iphone feature', 'insider iphone', 'business', 'answer', 'messages', 'york post', 'post', 'feature']","['iphone comes built white noise machine 3 cool things may know business insider iphone comes built white noise machine 3 cool things may know business insider', 'iphone air answer biggest problem business insider iphone air answer biggest problem business insider', 'iphone feature threatening ruin life careful business insider iphone feature threatening ruin life careful business insider']"
36,11,36_geeky_geeky gadgets_gadgets_iphone performance,"['geeky', 'geeky gadgets', 'gadgets', 'iphone performance', 'shortcut', 'boost iphone', 'tricks', 'mode', 'boost', 'performance']","['activate iphone beast mode guide peak performance geeky gadgets activate iphone beast mode guide peak performance geeky gadgets', 'ultimate iphone performance masterclass unlock true speed responsiveness geeky gadgets ultimate iphone performance masterclass unlock true speed responsiveness geeky gadgets', '5 genius tricks boost iphone performance ios 26 geeky gadgets 5 genius tricks boost iphone performance ios 26 geeky gadgets']"
37,11,37_leak_minute_17 air_esim,"['leak', 'minute', '17 air', 'esim', 'capacities', 'leak shows', 'battery capacities', 'air leak', 'minute iphone', 'new leak']","['last minute iphone 17 pro leak lists key performance battery features bgr com last minute iphone 17 pro leak lists key performance battery features bgr com', 'last minute leak shows iphone 17 pro max battery finally bigger samsung flagship pc guide last minute leak shows iphone 17 pro max battery finally bigger samsung flagship pc guide', 'last minute iphone 17 air leak offers hope long lasting battery bgr com last minute iphone 17 air leak offers hope long lasting battery bgr com']"
38,11,38_selfie_selfie camera_camera_engadget iphone,"['selfie', 'selfie camera', 'camera', 'engadget iphone', 'pro camera', 'macrumors iphone', 'macrumors', 'cameras', 'engadget', '17 new']","['iphone 17 pro max rumored major telephoto camera upgrade macrumors iphone 17 pro max rumored major telephoto camera upgrade macrumors', 'iphone 17 square selfie camera bigger deal think engadget iphone 17 square selfie camera bigger deal think engadget', 'iphone 17 new selfie camera lets take group shots without rotating phone engadget iphone 17 new selfie camera lets take group shots without rotating phone engadget']"
39,11,39_memes_netizens_viral_indian express,"['memes', 'netizens', 'viral', 'indian express', 'indian', 'express', 'reveal', 'launch', 'india', 'curlytales']","['apple launches iphone 17 lineup sleek new air memes flood x iphone 12 kitne ka hoga ji indian express apple launches iphone 17 lineup sleek new air memes flood x iphone 12 kitne ka hoga ji indian express', 'netizens flood x hilarious memes iphone 17 reveal tribune india netizens flood x hilarious memes iphone 17 reveal tribune india', 'kidney enough netizens flood x hilarious memes iphone 17 reveal new indian express kidney enough netizens flood x hilarious memes iphone 17 reveal new indian express']"
40,10,40_twitter_beebom_change_engadget,"['twitter', 'beebom', 'change', 'engadget', 'tab twitter', 'end', 'exclusive', 'delete', 'remove', 'permanently']","['use twitter spaces complete guide beebom use twitter spaces complete guide beebom', 'download gif twitter beebom download gif twitter beebom', 'change x icon back twitter bird beebom change x icon back twitter bird beebom']"
41,10,41_iphone camera_fast_camera app_camera,"['iphone camera', 'fast', 'camera app', 'camera', 'app', 'iphones', 'plants', 'excellent', 'smart', 'wallet']","['google made iphone camera app might even better apples lifehacker google made iphone camera app might even better apples lifehacker', 'adobes new computational iphone camera app looks incredible petapixel adobes new computational iphone camera app looks incredible petapixel', 'new app makes using iphone camera tons fun fast company new app makes using iphone camera tons fun fast company']"
42,10,42_cases_15_iphone 15_best iphone,"['cases', '15', 'iphone 15', 'best iphone', '15 pro', 'best', '2025', '15 iphone', '2026', 'techradar']","['best iphone 15 pro cases 2024 15 favorites digital trends best iphone 15 pro cases 2024 15 favorites digital trends', 'best iphone 15 iphone 15 pro cases 2026 cnet best iphone 15 iphone 15 pro cases 2026 cnet', 'best iphone 15 iphone 15 pro cases 2025 macworld best iphone 15 iphone 15 pro cases 2025 macworld']"
43,10,43_camera_fix iphone_camera app_video,"['camera', 'fix iphone', 'camera app', 'video', '9to5google', 'app users', 'apple confirms', 'issues appleinsider', 'broke', 'confirms']","['iphone 17 models get dual capture video recording apple camera app 9to5mac iphone 17 models get dual capture video recording apple camera app 9to5mac', 'apple confirms new iphones camera problem macworld apple confirms new iphones camera problem macworld', 'apple release software fix iphone air iphone 17 pro camera issues appleinsider apple release software fix iphone air iphone 17 pro camera issues appleinsider']"
44,10,44_photography_amateur_amateur photographer_photographer,"['photography', 'amateur', 'amateur photographer', 'photographer', 'adobe', 'use iphone', 'fstoppers', 'quality', 'fstoppers iphone', 'use']","['iphone good street photography camera fstoppers iphone good street photography camera fstoppers', 'use iphone real camera anymore amateur photographer use iphone real camera anymore amateur photographer', 'choose use iphone photography every camera phone amateur photographer choose use iphone photography every camera phone amateur photographer']"
45,10,45_air review_iphone air_review_stuff,"['air review', 'iphone air', 'review', 'stuff', 'stuff tv', 'air', 'tv', 'reviews', 'rest cnet', 'rest']","['iphone air review aspirational iphone pro buy appleinsider iphone air review aspirational iphone pro buy appleinsider', 'iphone air review apple interesting phone everyone pcmag iphone air review apple interesting phone everyone pcmag', 'apple iphone air review love might phone stuff tv apple iphone air review love might phone stuff tv']"
46,9,46_macworld_macworld iphone_need know_know,"['macworld', 'macworld iphone', 'need know', 'know', 'learn', 'iphone 12', 'tool', 'macstories', 'end', 'plateau']","['iphone 17 pro 11 features push limits apples high end phone macworld iphone 17 pro 11 features push limits apples high end phone macworld', 'ios 18 superguide everything need know macworld ios 18 superguide everything need know macworld', 'iphone 17e everything need know buy one macworld iphone 17e everything need know buy one macworld']"
47,9,47_details_prices_know far_know,"['details', 'prices', 'know far', 'know', 'leaked', 'event', 'launch', 'far', 'need know', '17 series']","['iphone 17 countdown kicks launch date performance price know far gulf news iphone 17 countdown kicks launch date performance price know far gulf news', 'iphone 17 pro max details leaked online price tipped heres know far techlusive iphone 17 pro max details leaked online price tipped heres know far techlusive', 'iphone 17 series launch september major redesign new air model india pricing details republic world iphone 17 series launch september major redesign new air model india pricing details republic world']"
48,9,48_choose_forbes_ios 18_forbes ios,"['choose', 'forbes', 'ios 18', 'forbes ios', '18 forbes', '26 ios', '18', 'iphone update', 'ios', 'reasons']","['apple ios 18 7 2 iphone update ios 26 choose forbes apple ios 18 7 2 iphone update ios 26 choose forbes', 'ios 26 1 ios 18 7 2heres new iphone update choose forbes ios 26 1 ios 18 7 2heres new iphone update choose forbes', 'ios 26 2 ios 18 7 3heres new iphone update choose forbes ios 26 2 ios 18 7 3heres new iphone update choose forbes']"
49,9,49_keyboard_complaints_user_fix,"['keyboard', 'complaints', 'user', 'fix', 'windows', 'slashgear', 'tab apple', 'slashgear ios', 'ios 26', 'older iphone']","['apple ios 26 subtly trolled windows internet says looks like windows vista mkbhd complains financial express apple ios 26 subtly trolled windows internet says looks like windows vista mkbhd complains financial express', 'ios 26 problems user complaints include lag clunky app redesigns mashable ios 26 problems user complaints include lag clunky app redesigns mashable', '4 tips helping fix ios 26 keyboard complaints issues os x daily 4 tips helping fix ios 26 keyboard complaints issues os x daily']"
50,9,50_camera feature_camera_iphone camera_finally,"['camera feature', 'camera', 'iphone camera', 'finally', 'launches', 'camera app', 'new ios', 'ios 26', 'ive using', 'iphone photography']","['iphone camera app looks different ios 26 use yahoo tech iphone camera app looks different ios 26 use yahoo tech', 'secret iphone camera feature make sure lens always photo ready cnet secret iphone camera feature make sure lens always photo ready cnet', 'ive using new ios 26 camera app finally address biggest annoyance tom guide ive using new ios 26 camera app finally address biggest annoyance tom guide']"
51,9,51_event_september_2025_2025 iphone,"['event', 'september', '2025', '2025 iphone', 'macgasm', 'apple event', '17 lineup', 'apples iphone', 'lineup', 'new models']","['expect apples iphone 17 lineup september macgasm expect apples iphone 17 lineup september macgasm', 'everything apple announced september 2025 iphone 17 keynote event express tribune everything apple announced september 2025 iphone 17 keynote event express tribune', 'apples september 2025 event reveals iphone 17 lineup macgasm apples september 2025 event reveals iphone 17 lineup macgasm']"
52,9,52_twitter_twitter iphone_working iphone_iphone mac,"['twitter', 'twitter iphone', 'working iphone', 'iphone mac', 'posts', 'mac observer', 'observer', 'working', 'macrumors', 'mac']","['x twitter iphone web resolved macrumors x twitter iphone web resolved macrumors', 'x twitter iphone web macrumors x twitter iphone web macrumors', 'fix x twitter working iphone mac observer fix x twitter working iphone mac observer']"
53,9,53_mac observer_observer_mac_working,"['mac observer', 'observer', 'mac', 'working', 'problems reported', '26 problems', 'iphone users', 'reported', 'observer fix', 'users say']","['fix face id working ios 26 2 mac observer fix face id working ios 26 2 mac observer', 'ios 26 2 1 problems reported iphone users update mac observer ios 26 2 1 problems reported iphone users update mac observer', 'ios 26 3 problems reported iphone users say far mac observer ios 26 3 problems reported iphone users say far mac observer']"
54,9,54_focus_27_ios 27_ai,"['focus', '27', 'ios 27', 'ai', 'performance', 'quality', 'year', 'reportedly', 'apple ios', 'report']","['report apple focus performance improvements ai features next year ios 27 thurrott com report apple focus performance improvements ai features next year ios 27 thurrott com', 'apple focus quality underlying performance ios 27 next year report 9to5mac apple focus quality underlying performance ios 27 next year report 9to5mac', 'apple ios 27 reportedly focus quality performance ai upgrades tech times apple ios 27 reportedly focus quality performance ai upgrades tech times']"
55,9,55_deal_iphone 16_grab_16,"['deal', 'iphone 16', 'grab', '16', 'free', 'new phone', '000', 'bgr com', 'bgr', 'amazing']","['deal alert iphone 16 pro discount offer lets buy rs 60 000 news18 deal alert iphone 16 pro discount offer lets buy rs 60 000 news18', 'grab new phone free thanks mobiles best deal ever iphone 16 rolling stone grab new phone free thanks mobiles best deal ever iphone 16 rolling stone', 'iphone 16 black friday deal grab brand new phone 40 000 croma newsx iphone 16 black friday deal grab brand new phone 40 000 croma newsx']"
56,9,56_service_iphone 14_14_plans,"['service', 'iphone 14', '14', 'plans', 'powered', 'free', 'com apple', 'iphones', '18 pro', 'iphone 18']","['apple spacex sky deal apples next pro move might actually orbital apple talks elon spacex bring starlink satellite service future iphones starting iphone 18 pro 2026 next signal bar might come orbit n x com apple spacex sky deal apples next pro move might actually orbital apple talks elon spacex bring starlink satellite service future iphones starting iphone 18 pro 2026 next signal bar might come orbit n x com', 'apple talks spacex add starlink direct cell iphone 18 pro information reports apple negotiating spacex integrate starlink satellite connectivity 2026 iphone 18 pro models going enable direct cell service x com apple talks spacex add starlink direct cell iphone 18 pro information reports apple negotiating spacex integrate starlink satellite connectivity 2026 iphone 18 pro models going enable direct cell service x com', 'apple free satellite service extended iphone 14 iphone 15 owners cnet apple free satellite service extended iphone 14 iphone 15 owners cnet']"
57,8,57_introducing_review apples_iphone air_air,"['introducing', 'review apples', 'iphone air', 'air', 'apples', 'design', 'iphone design', 'add', 'apples foldable', 'wear']","['introducing iphone air powerful new iphone breakthrough design apple introducing iphone air powerful new iphone breakthrough design apple', 'iphone air review apples slimmest iphone design triumph tradeoffs hothardware iphone air review apples slimmest iphone design triumph tradeoffs hothardware', 'review apples iphone air bunch small changes add something big ars technica review apples iphone air bunch small changes add something big ars technica']"
58,8,58_amazon_premium_iphone 15_deals,"['amazon', 'premium', 'iphone 15', 'deals', '15', '9to5toys', 'oneplus', 'sale 2025', 'sale', '15 pro']","['amazon great freedom festival sale 2025 live check offers iphone 15 galaxy s24 ultra oneplus 13r financial express amazon great freedom festival sale 2025 live check offers iphone 15 galaxy s24 ultra oneplus 13r financial express', 'unlocked iphone 15 pro 650 orig prices 744 amazon renewed premium 1 yr warranty 9to5toys unlocked iphone 15 pro 650 orig prices 744 amazon renewed premium 1 yr warranty 9to5toys', 'amazon sale 2025 highlights best deals iphone 15 oneplus 13 gaming laptops smartwatches gadgets 360 amazon sale 2025 highlights best deals iphone 15 oneplus 13 gaming laptops smartwatches gadgets 360']"
59,8,59_samsung_17 launch_series_tweet,"['samsung', '17 launch', 'series', 'tweet', 'times india', 'old', 'launch', '17 series', 'india', 'canada']","['samsung trolls iphone 17 series camera twitter triggering internet least dont fake moon pictures mashable india samsung trolls iphone 17 series camera twitter triggering internet least dont fake moon pictures mashable india', 'samsung revives old tweet mock apple iphone 17 launch icant india today samsung revives old tweet mock apple iphone 17 launch icant india today', 'iphone 17 launch samsung takes dig apple three year old tweet times india iphone 17 launch samsung takes dig apple three year old tweet times india']"
60,8,60_pro problems_fold_problems_iphone fold,"['pro problems', 'fold', 'problems', 'iphone fold', 'display', 'features macworld', 'delayed', 'intelligence iphone', 'apple accessory', 'truth']","['apple loop iphone 17 pro problems iphone airs heavy truth ios update warning forbes apple loop iphone 17 pro problems iphone airs heavy truth ios update warning forbes', 'applecare one apple intelligence iphone fold display problems appleinsider podcast appleinsider applecare one apple intelligence iphone fold display problems appleinsider podcast appleinsider', 'apple loop iphone 17 pro problems macbook pros ai potential ipad fold delayed forbes apple loop iphone 17 pro problems macbook pros ai potential ipad fold delayed forbes']"
61,8,61_emergency_apple issues_urgent_warning,"['emergency', 'apple issues', 'urgent', 'warning', '100 countries', 'installing', 'extremely', 'emergency issue', 'apple pushes', 'raises']","['apple releases iphone software update address emergency call issue forbes apple releases iphone software update address emergency call issue forbes', 'apple pushes emergency iphone update extremely sophisticated spyware attack experts advise installing immediately inc com apple pushes emergency iphone update extremely sophisticated spyware attack experts advise installing immediately inc com', 'apple issues urgent iphone update triple zero emergency call testing raises concerns 9news apple issues urgent iphone update triple zero emergency call testing raises concerns 9news']"
62,8,62_iphone 18_innovation_18_forbes apples,"['iphone 18', 'innovation', '18', 'forbes apples', 'power', '18 pro', 'phones', 'battery', '2026', 'sammy fans']","['samsung may borrow iphones battery innovation future phones sammy fans samsung may borrow iphones battery innovation future phones sammy fans', 'apple may boost iphone 18 pro max battery android phones hit 10 000mah techlusive apple may boost iphone 18 pro max battery android phones hit 10 000mah techlusive', 'iphone 18 pro fold apples next flagships promise power performance innovation daily pakistan iphone 18 pro fold apples next flagships promise power performance innovation daily pakistan']"
63,8,63_cinema_iphone camera_era_create,"['cinema', 'iphone camera', 'era', 'create', 'shots', 'heres proof', 'camera bgr', 'proof', 'camera', 'tech times']","['apple releases special haptic f1 trailer makes iphones shake speed heres watch financial express apple releases special haptic f1 trailer makes iphones shake speed heres watch financial express', 'iphone camera revolutionized f1 movies epic pov shots cinema iphone camera revolutionized f1 movies epic pov shots cinema', 'iphone 20 could true cinema camera heres proof hidden apples patents cinema iphone 20 could true cinema camera heres proof hidden apples patents cinema']"
64,8,64_refurbished_refurbished iphone_15 pro_15,"['refurbished', 'refurbished iphone', '15 pro', '15', 'iphone 15', 'store', 'pro pro', 'available', 'didnt know', 'afford']","['refurbished iphone 15 models available apple online store u canada macrumors refurbished iphone 15 models available apple online store u canada macrumors', 'apple selling refurbished iphone 15 pro pro max models much pay tom guide apple selling refurbished iphone 15 pro pro max models much pay tom guide', 'save 29 grade refurbished iphone 15 pro max 256gb mashable save 29 grade refurbished iphone 15 pro max 256gb mashable']"
65,8,65_laptop mag_laptop_mag_17 air,"['laptop mag', 'laptop', 'mag', '17 air', 'mag iphone', 'accessory', 'air', '17 airs', 'silicon', 'mini']","['apple iphone 17 air ready upgrade phone asap laptop mag apple iphone 17 air ready upgrade phone asap laptop mag', 'potential pain iphone 17 air could fixed ai report laptop mag potential pain iphone 17 air could fixed ai report laptop mag', 'iphone 17 air rumors thick thinnest iphone ever laptop mag iphone 17 air rumors thick thinnest iphone ever laptop mag']"
66,8,66_wi_wi fi_fi_issues,"['wi', 'wi fi', 'fi', 'issues', 'fix', 'fix iphone', 'working', '17 users', 'cutting', 'appears']","['wi fi cutting iphone 17 alone fix coming zdnet wi fi cutting iphone 17 alone fix coming zdnet', 'ios 26 1 beta appears fix iphone air 17 17 pro wi fi issues macworld ios 26 1 beta appears fix iphone air 17 17 pro wi fi issues macworld', 'fix wi fi issues ios 26 1 iphone wi fi working dropping connection slow os x daily fix wi fi issues ios 26 1 iphone wi fi working dropping connection slow os x daily']"
67,7,67_techradar_techradar months_buy new_months iphone,"['techradar', 'techradar months', 'buy new', 'months iphone', 'switched', 'months', 'android iphone', 'pro im', 'mad', 'pro reasons']","['switched refurbished iphone 16 never buy new phone techradar switched refurbished iphone 16 never buy new phone techradar', 'six months iphone 16 pro im still convinced action button techradar six months iphone 16 pro im still convinced action button techradar', 'four months iphone 17 pro changed way use phone jury still whether thats better worse techradar four months iphone 17 pro changed way use phone jury still whether thats better worse techradar']"
68,7,68_york times_new york_york_times,"['york times', 'new york', 'york', 'times', 'tab', 'people', 'apples new', 'apples', 'dragging', 'pro looks']","['opinion iphone drove men women apart new york times opinion iphone drove men women apart new york times', 'opinion old man iphone new york times opinion old man iphone new york times', 'iphone air apples impressive phone years people shouldnt buy new york times iphone air apples impressive phone years people shouldnt buy new york times']"
69,7,69_techradar_ultra_s25 ultra_galaxy s25,"['techradar', 'ultra', 's25 ultra', 'galaxy s25', 'samsung galaxy', 's25', 'techradar apple', 'love', 'smartphone', 'galaxy']","['ive fallen love iphone air ultra thin smartphone convinced apple still capable magic techradar ive fallen love iphone air ultra thin smartphone convinced apple still capable magic techradar', 'put samsung galaxy s25 ultra iphone 16 pro max heat wave survived techradar put samsung galaxy s25 ultra iphone 16 pro max heat wave survived techradar', 'took iphone 16 pro max samsung galaxy s25 ultra boardwalk photoshoot winner techradar took iphone 16 pro max samsung galaxy s25 ultra boardwalk photoshoot winner techradar']"
70,7,70_pcmag_pcmag apple_apple budget_phone feel,"['pcmag', 'pcmag apple', 'apple budget', 'phone feel', '17e apple', '16 vs', 'choice', 'budget phone', 'extra', 'review 2025']","['apple iphone 17 vs iphone 16 choice clear pcmag apple iphone 17 vs iphone 16 choice clear pcmag', 'tested iphone 17e apple budget phone feel cheap pcmag tested iphone 17e apple budget phone feel cheap pcmag', 'apple iphone 16 vs iphone 16e extra 100 worth pcmag apple iphone 16 vs iphone 16e extra 100 worth pcmag']"
71,7,71_releases_critical_apple releases_critical iphone,"['releases', 'critical', 'apple releases', 'critical iphone', 'billion iphones', 'features fixes', 'forbes', 'update new', 'forbes apple', 'millions']","['ios 26 2apple releases critical update 1 billion iphones forbes ios 26 2apple releases critical update 1 billion iphones forbes', 'apple releases ios 26 1 iphone urgent update new features fixes users forbes apple releases ios 26 1 iphone urgent update new features fixes users forbes', 'apple releases ios 26 3 1 critical iphone update new features fixes forbes apple releases ios 26 3 1 critical iphone update new features fixes forbes']"
72,7,72_iphone pocket_pocket_moneycontrol_20 000,"['iphone pocket', 'pocket', 'moneycontrol', '20 000', '000 iphone', 'moneycontrol com', '20', 'tweet', 'netizens', '000']","['amitabh bachchans socks iphone tweet internet splits fans call peak big b moneycontrol com amitabh bachchans socks iphone tweet internet splits fans call peak big b moneycontrol com', 'apples 20 000 iphone pocket sparks memes netizens compare sock curlytales com apples 20 000 iphone pocket sparks memes netizens compare sock curlytales com', 'apple introduces rs 20 000 iphone pocket gets trolled x fancy sock moneycontrol com apple introduces rs 20 000 iphone pocket gets trolled x fancy sock moneycontrol com']"
73,7,73_geeky_geeky gadgets_gadgets_ios 18,"['geeky', 'geeky gadgets', 'gadgets', 'ios 18', 'whats new', 'whats', '18', '10 ios', 'features make', 'gadgets 10']","['new features ios 26 worth upgrade geeky gadgets new features ios 26 worth upgrade geeky gadgets', 'ios 18 4 1 closer look new features fixes geeky gadgets ios 18 4 1 closer look new features fixes geeky gadgets', 'ios 18 7 2 whats new geeky gadgets ios 18 7 2 whats new geeky gadgets']"
74,7,74_beta_new ios_26 beta_26 public,"['beta', 'new ios', '26 beta', '26 public', 'public beta', '9to5mac new', 'public', 'added', '26 feature', 'feature apple']","['everything new ios 26 2 beta 2 bgr com everything new ios 26 2 beta 2 bgr com', 'everything new ios 26 beta 6 9to5mac everything new ios 26 beta 6 9to5mac', 'everything new ios 26 1 beta 1 9to5mac everything new ios 26 1 beta 1 9to5mac']"
75,7,75_pocket lint_lint_pocket_lint iphone,"['pocket lint', 'lint', 'pocket', 'lint iphone', '15 worth', '17 leak', 'welcome', 'answer', 'needs', 'important']","['4 things ive learned owning iphone 16 pro year pocket lint 4 things ive learned owning iphone 16 pro year pocket lint', 'apple iphone 17 air seeks redefine future phone pocket lint apple iphone 17 air seeks redefine future phone pocket lint', '4 best obscure iphone features using pocket lint 4 best obscure iphone features using pocket lint']"
76,7,76_android authority_authority_android_authority iphone,"['android authority', 'authority', 'android', 'authority iphone', 'fix android', 'pixel', '2024', 'convince', 'finally iphone', 'broke']","['iphone 18 pro may abandon apple signature dynamic island android authority iphone 18 pro may abandon apple signature dynamic island android authority', 'iphone 17 pro reviewed android user convince drop pixel android authority iphone 17 pro reviewed android user convince drop pixel android authority', 'apple iphone 15 problems fix android authority apple iphone 15 problems fix android authority']"
77,7,77_camera battery_new camera_camera_india,"['camera battery', 'new camera', 'camera', 'india', 'design', 'flip', 'pro whats', 'rumours', 'reveal new', 'max launch']","['apple iphone 18 pro max launch india price camera battery display design news24online com apple iphone 18 pro max launch india price camera battery display design news24online com', 'iphone 18 pro series tipped get big camera battery boosts know far mashable india iphone 18 pro series tipped get big camera battery boosts know far mashable india', 'bizarre iphone 17 pro max design leaked rumours show new camera exclusive ios 19 features international business times uk bizarre iphone 17 pro max design leaked rumours show new camera exclusive ios 19 features international business times uk']"
78,7,78_tried_android authority_authority_google,"['tried', 'android authority', 'authority', 'google', 'android', 'google new', 'pixel', 'apples budget', 'better worse', 'fantastic']","['iphone 16e single camera reminds simpler times better worse android authority iphone 16e single camera reminds simpler times better worse android authority', 'tried google new iphone camera app need android version asap android authority tried google new iphone camera app need android version asap android authority', 'pixel fan tried new iphone app made google camera team fantastic android authority pixel fan tried new iphone app made google camera team fantastic android authority']"
79,6,79_cnet ios_iphone features_ios 18_cnet,"['cnet ios', 'iphone features', 'ios 18', 'cnet', '18', 'features', '10 ios', 'know cnet', '10', '10 iphone']","['ios 18 4 ios 18 4 1 look newest iphone features reported issues bergen record ios 18 4 ios 18 4 1 look newest iphone features reported issues bergen record', 'ios 26 miss ios 18 2 iphone features cnet ios 26 miss ios 18 2 iphone features cnet', 'ios 19 forget iphone features ios 18 1 cnet ios 19 forget iphone features ios 18 1 cnet']"
80,6,80_mashable india_mashable_india apple_india,"['mashable india', 'mashable', 'india apple', 'india', 'apple ios', 'controls', 'lock screen', 'lock', 'confirms', '18 features']","['apple confirms ios 26 rollout whats new supported devices install mashable india apple confirms ios 26 rollout whats new supported devices install mashable india', 'apple ios 26 1 update fixed morning struggles new alarm feature else new mashable india apple ios 26 1 update fixed morning struggles new alarm feature else new mashable india', 'apple ios 26 2 public beta adds lock screen glass controls updated sleep scores mashable india apple ios 26 2 public beta adds lock screen glass controls updated sleep scores mashable india']"
81,6,81_tweet_looks_ruined_ruined battery,"['tweet', 'looks', 'ruined', 'ruined battery', 'unveil', 'struggle', 'indiatimes', 'fake', 'spark', 'star']","['apple unveil new emojis iphone update users say ruined battery life metro co uk apple unveil new emojis iphone update users say ruined battery life metro co uk', 'charlotte looks like iphone stephanie vaquer tweet looks awful charlotte flair struggle bullying fandomwire charlotte looks like iphone stephanie vaquer tweet looks awful charlotte flair struggle bullying fandomwire', 'bizarre visuals taylor swift emoji rumors spark chaos viral tweet dupes iphone users fake appl times india bizarre visuals taylor swift emoji rumors spark chaos viral tweet dupes iphone users fake appl times india']"
82,6,82_airpods_watch_apple watch_cool,"['airpods', 'watch', 'apple watch', 'cool', 'iphone apple', 'live', 'apple store', 'addresses', 'generation iphone', 'email']","['apple launches radically new iphone air plus major iphone watch airpods updates international data corporation apple launches radically new iphone air plus major iphone watch airpods updates international data corporation', 'get ready discover shop next generation iphone apple watch airpods apple get ready discover shop next generation iphone apple watch airpods apple', 'latest iphone apple watch airpods arrive apple store locations apple latest iphone apple watch airpods arrive apple store locations apple']"
83,6,83_case_review 2025_naked_spotted wild,"['case', 'review 2025', 'naked', 'spotted wild', 'pro spotted', 'alleged', '2025', 'experts', 'smartprix', 'giving iphone']","['alleged iphone 17 pro spotted wild giving iphone 4 flashbacks smartprix com alleged iphone 17 pro spotted wild giving iphone 4 flashbacks smartprix com', 'bare naked case iphone 17 pro comprehensive review 2025 thinborne bare naked case iphone 17 pro comprehensive review 2025 thinborne', 'pitaka iphone 17 pro max aramid proguard case review 2025 thinborne pitaka iphone 17 pro max aramid proguard case review 2025 thinborne']"
84,6,84_life test_results_max battery_battery life,"['life test', 'results', 'max battery', 'battery life', 'life', 'geeky gadgets', 'geeky', 'test', 'gadgets', 'blew away']","['iphone 17 pro max battery life absolutely destroys competition happygamer com iphone 17 pro max battery life absolutely destroys competition happygamer com', 'iphone 17 pro max battery life test results blew us away tom guide iphone 17 pro max battery life test results blew us away tom guide', 'iphone 17 battery life test results shock geeky gadgets iphone 17 battery life test results shock geeky gadgets']"
85,6,85_foldable_apple foldable_foldable iphone_battery,"['foldable', 'apple foldable', 'foldable iphone', 'battery', 'battery macrumors', 'apple plans', '16 battery', 'plans', 'vale', 'capacities']","['apple plans foldable iphone volume top greater battery capacity mix vale apple plans foldable iphone volume top greater battery capacity mix vale', 'apple first foldable could biggest ever iphone battery macrumors apple first foldable could biggest ever iphone battery macrumors', 'apple foldable iphone rumored feature unrivaled battery life macrumors apple foldable iphone rumored feature unrivaled battery life macrumors']"
86,6,86_lifehacker_released_older iphone_run,"['lifehacker', 'released', 'older iphone', 'run', 'important', 'shouldnt', 'public beta', 'final', '26 heres', 'bugs']","['first public beta ios 26 heres shouldnt install lifehacker first public beta ios 26 heres shouldnt install lifehacker', 'apple released important update solve ios 26 problems lifehacker apple released important update solve ios 26 problems lifehacker', 'apple released ios 26 3 new features lifehacker apple released ios 26 3 new features lifehacker']"
87,5,87_air review_apple thinnest_thinnest iphone_thinnest,"['air review', 'apple thinnest', 'thinnest iphone', 'thinnest', 'iphone air', 'review', 'swider iphone', 'purpose', 'matt swider', '999']","['iphone air review magic sheet glass expected tradeoffs gizmodo iphone air review magic sheet glass expected tradeoffs gizmodo', 'iphone air review four months later apple thinnest iphone worth 999 macrumors iphone air review four months later apple thinnest iphone worth 999 macrumors', 'iphone air review two weeks apple thinnest ever iphone shortcut matt swider iphone air review two weeks apple thinnest ever iphone shortcut matt swider']"
88,5,88_wired_wired apples_apples iphone_level iphone,"['wired', 'wired apples', 'apples iphone', 'level iphone', 'apples budget', 'entry level', 'iphone buy', 'avoid', 'entry', 'iphone 17e']","['apples iphone 17 pro models give exactly want wired apples iphone 17 pro models give exactly want wired', 'apples budget iphone 17e gets magsafe upgrade wired apples budget iphone 17e gets magsafe upgrade wired', 'still overpriced apples iphone 17e better entry level iphone wired still overpriced apples iphone 17e better entry level iphone wired']"
89,5,89_cnn_week_tested apple_599,"['cnn', 'week', 'tested apple', '599', 'tested', 'im', '17 week', 'really want', '17e', 'iphone 17e']","['599 iphone 17e truly good value used nearly week find cnn 599 iphone 17e truly good value used nearly week find cnn', 'tested apple iphone 17 week heres one buy cnn tested apple iphone 17 week heres one buy cnn', 'tested apple iphone air week im still sure buy cnn tested apple iphone air week im still sure buy cnn']"
90,5,90_magsafe_9to5mac apples_models macrumors_pack,"['magsafe', '9to5mac apples', 'models macrumors', 'pack', 'apples latest', 'air 9to5mac', 'bank', 'doesnt', '17 models', 'battery']","['apples discontinued magsafe battery pack doesnt stick iphones 9to5mac apples discontinued magsafe battery pack doesnt stick iphones 9to5mac', 'apple magsafe battery returns technically iphone air pcmag apple magsafe battery returns technically iphone air pcmag', 'apples latest magsafe battery accessory new firmware update u pulled 9to5mac apples latest magsafe battery accessory new firmware update u pulled 9to5mac']"
91,5,91_12_bgr_bgr com_12 iphone,"['12', 'bgr', 'bgr com', '12 iphone', 'features users', 'heres proof', 'things iphone', 'proof', 'mistakes', 'turn']","['apple watch series 10 another problem runners hate bgr com apple watch series 10 another problem runners hate bgr com', 'never 12 things iphone bgr com never 12 things iphone bgr com', '12 iphone features users say worst turn slashgear 12 iphone features users say worst turn slashgear']"
92,5,92_sales_investing_meyka apple_sq magazine,"['sales', 'investing', 'meyka apple', 'sq magazine', 'sq', 'meyka', 'connect', 'iphone sales', 'apples biggest', 'beats']","['apple beats q1 earnings estimates driven record iphone sales meyka apple beats q1 earnings estimates driven record iphone sales meyka', 'apple sales statistics 2025 iphone mac ipad performance sq magazine apple sales statistics 2025 iphone mac ipad performance sq magazine', 'apple delivers best iphone quarterly sales performance four years investing com apple delivers best iphone quarterly sales performance four years investing com']"
93,5,93_liquid glass_liquid_glass_love,"['liquid glass', 'liquid', 'glass', 'love', 'apples new', 'economic', 'explodes', 'economic times', 'explodes memes', 'event 2025']","['love hate apples new liquid glass design getting mixed reviews techcrunch love hate apples new liquid glass design getting mixed reviews techcrunch', 'liquid glass months love 3 features particular mashable liquid glass months love 3 features particular mashable', 'apple event 2025 liquid glass meltdown ios 26 redesign explodes memes backlash heres economic times apple event 2025 liquid glass meltdown ios 26 redesign explodes memes backlash heres economic times']"
94,5,94_iphone features_features coming_recent iphone_wwdc,"['iphone features', 'features coming', 'recent iphone', 'wwdc', 'apples best', 'wwdc 2025', 'express tribune', 'features 9to5mac', 'features ios', 'thanks']","['carplay get one apples best recent iphone features 9to5mac carplay get one apples best recent iphone features 9to5mac', '8 new iphone features coming soon thanks google gemini 9to5mac 8 new iphone features coming soon thanks google gemini 9to5mac', 'apple unveils latest features ios wwdc 2025 express tribune apple unveils latest features ios wwdc 2025 express tribune']"
